{
  "regions": {
    "Africa": "Africa",
    "America": "America",
    "Antarctica": "Antarctica",
    "Arctic": "Arctic",
    "Asia": "Asia",
    "Atlantic": "Atlantic",
    "Australia": "Australia",
    "Europe": "Europe",
    "Indian": "Indian Ocean",
    "Pacific": "Pacific",
    "Etc": "Other"
  },
  "cities": {
    "Seoul": "Seoul",
    "Tokyo": "Tokyo",
    "Shanghai": "Shanghai",
    "Beijing": "Beijing",
    "Hong_Kong": "Hong Kong",
    "Taipei": "Taipei",
    "Singapore": "Singapore",
    "Kuala_Lumpur": "Kuala Lumpur",
    "Bangkok": "Bangkok",
    "Jakarta": "Jakarta",
    "Manila": "Manila",
    "Ho_Chi_Minh": "Ho Chi Minh",
    "Hanoi": "Hanoi",
    "Dubai": "Dubai",
    "Abu_Dhabi": "Abu Dhabi",
    "Riyadh": "Riyadh",
    "Doha": "Doha",
    "Jerusalem": "Jerusalem",
    "Tel_Aviv": "Tel Aviv",
    "Tehran": "Tehran",
    "Karachi": "Karachi",
    "Delhi": "Delhi",
    "Kolkata": "Kolkata",
    "Mumbai": "Mumbai",
    "Chennai": "Chennai",
    "Kathmandu": "Kathmandu",
    "Dhaka": "Dhaka",
    "Colombo": "Colombo",
    "Tashkent": "Tashkent",
    "Almaty": "Almaty",
    "Ulaanbaatar": "Ulaanbaatar",
    "Yekaterinburg": "Yekaterinburg",
    "Novosibirsk": "Novosibirsk",
    "Vladivostok": "Vladivostok",
    "Magadan": "Magadan",
    "Kamchatka": "Kamchatka",
    "Sakhalin": "Sakhalin",
    "Aqtau": "Aqtau",
    "Bishkek": "Bishkek",
    "Macau": "Macau",
    "Brunei": "Brunei",
    "Phnom_Penh": "Phnom Penh",
    "Vientiane": "Vientiane",
    "Yangon": "Yangon",
    "Pontianak": "Pontianak",
    "Makassar": "Makassar",
    "Jayapura": "Jayapura",
    "Dili": "Dili",
    "Chongqing": "Chongqing",
    "Harbin": "Harbin",
    "Kashgar": "Kashgar",
    "Urumqi": "Urumqi",
    "Pyongyang": "Pyongyang",
    "Osaka": "Osaka",
    "Thimphu": "Thimphu",
    "Kabul": "Kabul",
    "Baku": "Baku",
    "Yerevan": "Yerevan",
    "Tbilisi": "Tbilisi",
    "Ashgabat": "Ashgabat",
    "Dushanbe": "Dushanbe",
    "Samarkand": "Samarkand",
    "Oral": "Oral",
    "Qyzylorda": "Qyzylorda",
    "Aqtobe": "Aqtobe",
    "Atyrau": "Atyrau",
    "Anadyr": "Anadyr",
    "Khandyga": "Khandyga",
    "Ust-Nera": "Ust-Nera",
    "Yakutsk": "Yakutsk",
    "Irkutsk": "Irkutsk",
    "Krasnoyarsk": "Krasnoyarsk",
    "Omsk": "Omsk",
    "Barnaul": "Barnaul",
    "Tomsk": "Tomsk",
    "Novokuznetsk": "Novokuznetsk",
    "Chita": "Chita",
    "Khabarovsk": "Khabarovsk",
    "Srednekolymsk": "Srednekolymsk",
    "Gaza": "Gaza",
    "Hebron": "Hebron",
    "Amman": "Amman",
    "Damascus": "Damascus",
    "Beirut": "Beirut",
    "Baghdad": "Baghdad",
    "Kuwait": "Kuwait",
    "Bahrain": "Bahrain",
    "Qatar": "Qatar",
    "Muscat": "Muscat",
    "Aden": "Aden",
    "Famagusta": "Famagusta",
    "Nicosia": "Nicosia",
    "New_York": "New York",
    "Los_Angeles": "Los Angeles",
    "Chicago": "Chicago",
    "Denver": "Denver",
    "Phoenix": "Phoenix",
    "Toronto": "Toronto",
    "Vancouver": "Vancouver",
    "Mexico_City": "Mexico City",
    "Sao_Paulo": "São Paulo",
    "Buenos_Aires": "Buenos Aires",
    "Honolulu": "Honolulu",
    "Anchorage": "Anchorage",
    "Detroit": "Detroit",
    "Indianapolis": "Indianapolis",
    "Louisville": "Louisville",
    "Menominee": "Menominee",
    "Nome": "Nome",
    "Adak": "Adak",
    "Sitka": "Sitka",
    "Juneau": "Juneau",
    "Yakutat": "Yakutat",
    "Metlakatla": "Metlakatla",
    "Boise": "Boise",
    "Shiprock": "Shiprock",
    "Beulah": "Beulah",
    "Center": "Center",
    "New_Salem": "New Salem",
    "Monticello": "Monticello",
    "Tell_City": "Tell City",
    "Vincennes": "Vincennes",
    "Winamac": "Winamac",
    "Marengo": "Marengo",
    "Petersburg": "Petersburg",
    "Vevay": "Vevay",
    "Cancun": "Cancun",
    "Merida": "Merida",
    "Monterrey": "Monterrey",
    "Matamoros": "Matamoros",
    "Mazatlan": "Mazatlan",
    "Chihuahua": "Chihuahua",
    "Ojinaga": "Ojinaga",
    "Hermosillo": "Hermosillo",
    "Tijuana": "Tijuana",
    "Bahia_Banderas": "Bahia Banderas",
    "Montreal": "Montreal",
    "Winnipeg": "Winnipeg",
    "Regina": "Regina",
    "Edmonton": "Edmonton",
    "Calgary": "Calgary",
    "Yellowknife": "Yellowknife",
    "Inuvik": "Inuvik",
    "Whitehorse": "Whitehorse",
    "Dawson": "Dawson",
    "Pangnirtung": "Pangnirtung",
    "Iqaluit": "Iqaluit",
    "Resolute": "Resolute",
    "Rankin_Inlet": "Rankin Inlet",
    "Cambridge_Bay": "Cambridge Bay",
    "Thunder_Bay": "Thunder Bay",
    "Nipigon": "Nipigon",
    "Rainy_River": "Rainy River",
    "Atikokan": "Atikokan",
    "Swift_Current": "Swift Current",
    "Creston": "Creston",
    "Fort_Nelson": "Fort Nelson",
    "Dawson_Creek": "Dawson Creek",
    "St_Johns": "St. John's",
    "Goose_Bay": "Goose Bay",
    "Halifax": "Halifax",
    "Glace_Bay": "Glace Bay",
    "Moncton": "Moncton",
    "Blanc-Sablon": "Blanc-Sablon",
    "Guatemala": "Guatemala",
    "Belize": "Belize",
    "Costa_Rica": "Costa Rica",
    "El_Salvador": "El Salvador",
    "Tegucigalpa": "Tegucigalpa",
    "Managua": "Managua",
    "Panama": "Panama",
    "Havana": "Havana",
    "Nassau": "Nassau",
    "Port-au-Prince": "Port-au-Prince",
    "Santo_Domingo": "Santo Domingo",
    "Jamaica": "Jamaica",
    "Cayman": "Cayman",
    "Grand_Turk": "Grand Turk",
    "Barbados": "Barbados",
    "Martinique": "Martinique",
    "Guadeloupe": "Guadeloupe",
    "St_Lucia": "St. Lucia",
    "Dominica": "Dominica",
    "Antigua": "Antigua",
    "St_Kitts": "St. Kitts",
    "Anguilla": "Anguilla",
    "Montserrat": "Montserrat",
    "St_Vincent": "St. Vincent",
    "Grenada": "Grenada",
    "Trinidad": "Trinidad",
    "Caracas": "Caracas",
    "Boa_Vista": "Boa Vista",
    "Manaus": "Manaus",
    "Porto_Velho": "Porto Velho",
    "Rio_Branco": "Rio Branco",
    "Eirunepe": "Eirunepe",
    "Cuiaba": "Cuiaba",
    "Campo_Grande": "Campo Grande",
    "Belem": "Belem",
    "Fortaleza": "Fortaleza",
    "Recife": "Recife",
    "Araguaina": "Araguaina",
    "Maceio": "Maceio",
    "Bahia": "Bahia",
    "Santarem": "Santarem",
    "Noronha": "Fernando de Noronha",
    "La_Paz": "La Paz",
    "Santiago": "Santiago",
    "Punta_Arenas": "Punta Arenas",
    "Easter": "Easter Island",
    "Asuncion": "Asuncion",
    "Montevideo": "Montevideo",
    "Cordoba": "Cordoba",
    "Jujuy": "Jujuy",
    "Catamarca": "Catamarca",
    "Mendoza": "Mendoza",
    "San_Juan": "San Juan",
    "San_Luis": "San Luis",
    "Rio_Gallegos": "Rio Gallegos",
    "Ushuaia": "Ushuaia",
    "Lima": "Lima",
    "Bogota": "Bogota",
    "Guayaquil": "Guayaquil",
    "Galapagos": "Galapagos",
    "Cayenne": "Cayenne",
    "Paramaribo": "Paramaribo",
    "Guyana": "Georgetown",
    "London": "London",
    "Paris": "Paris",
    "Berlin": "Berlin",
    "Madrid": "Madrid",
    "Rome": "Rome",
    "Athens": "Athens",
    "Istanbul": "Istanbul",
    "Moscow": "Moscow",
    "Amsterdam": "Amsterdam",
    "Brussels": "Brussels",
    "Vienna": "Vienna",
    "Prague": "Prague",
    "Budapest": "Budapest",
    "Warsaw": "Warsaw",
    "Stockholm": "Stockholm",
    "Oslo": "Oslo",
    "Copenhagen": "Copenhagen",
    "Helsinki": "Helsinki",
    "Zurich": "Zurich",
    "Luxembourg": "Luxembourg",
    "Monaco": "Monaco",
    "Vatican": "Vatican",
    "San_Marino": "San Marino",
    "Andorra": "Andorra",
    "Gibraltar": "Gibraltar",
    "Malta": "Malta",
    "Dublin": "Dublin",
    "Lisbon": "Lisbon",
    "Porto": "Porto",
    "Azores": "Azores",
    "Madeira": "Madeira",
    "Canary": "Canary Islands",
    "Reykjavik": "Reykjavik",
    "Faroe": "Faroe Islands",
    "Kiev": "Kiev",
    "Uzhgorod": "Uzhgorod",
    "Zaporozhye": "Zaporozhye",
    "Simferopol": "Simferopol",
    "Minsk": "Minsk",
    "Vilnius": "Vilnius",
    "Riga": "Riga",
    "Tallinn": "Tallinn",
    "Mariehamn": "Mariehamn",
    "Kaliningrad": "Kaliningrad",
    "Volgograd": "Volgograd",
    "Saratov": "Saratov",
    "Astrakhan": "Astrakhan",
    "Ulyanovsk": "Ulyanovsk",
    "Samara": "Samara",
    "Kirov": "Kirov",
    "Belgrade": "Belgrade",
    "Ljubljana": "Ljubljana",
    "Zagreb": "Zagreb",
    "Sarajevo": "Sarajevo",
    "Podgorica": "Podgorica",
    "Skopje": "Skopje",
    "Tirane": "Tirana",
    "Sofia": "Sofia",
    "Bucharest": "Bucharest",
    "Chisinau": "Chisinau"
  }
}
