{
  "regions": {
    "Africa": "아프리카",
    "America": "아메리카",
    "Antarctica": "남극",
    "Arctic": "북극",
    "Asia": "아시아",
    "Atlantic": "대서양",
    "Australia": "오스트레일리아",
    "Europe": "유럽",
    "Indian": "인도양",
    "Pacific": "태평양",
    "Etc": "기타"
  },
  "cities": {
    "Seoul": "서울",
    "Tokyo": "도쿄",
    "Shanghai": "상하이",
    "Beijing": "베이징",
    "Hong_Kong": "홍콩",
    "Taipei": "타이베이",
    "Singapore": "싱가포르",
    "Kuala_Lumpur": "쿠알라룸푸르",
    "Bangkok": "방콕",
    "Jakarta": "자카르타",
    "Manila": "마닐라",
    "Ho_Chi_Minh": "호찌민",
    "Hanoi": "하노이",
    "Dubai": "두바이",
    "Abu_Dhabi": "아부다비",
    "Riyadh": "리야드",
    "Doha": "도하",
    "Jerusalem": "예루살렘",
    "Tel_Aviv": "텔아비브",
    "Tehran": "테헤란",
    "Karachi": "카라치",
    "Delhi": "델리",
    "Kolkata": "콜카타",
    "Mumbai": "뭄바이",
    "Chennai": "첸나이",
    "Kathmandu": "카트만두",
    "Dhaka": "다카",
    "Colombo": "콜롬보",
    "Tashkent": "타슈켄트",
    "Almaty": "알마티",
    "Ulaanbaatar": "울란바토르",
    "Yekaterinburg": "예카테린부르크",
    "Novosibirsk": "노보시비르스크",
    "Vladivostok": "블라디보스토크",
    "Magadan": "마가단",
    "Kamchatka": "캄차카",
    "Sakhalin": "사할린",
    "Aqtau": "악타우",
    "Bishkek": "비슈케크",
    "Macau": "마카오",
    "Brunei": "브루나이",
    "Phnom_Penh": "프놈펜",
    "Vientiane": "비엔티안",
    "Yangon": "양곤",
    "Pontianak": "폰티아낙",
    "Makassar": "마카사르",
    "Jayapura": "자야푸라",
    "Dili": "딜리",
    "Chongqing": "충칭",
    "Harbin": "하얼빈",
    "Kashgar": "카슈가르",
    "Urumqi": "우루무치",
    "Pyongyang": "평양",
    "Osaka": "오사카",
    "Thimphu": "팀푸",
    "Kabul": "카불",
    "Baku": "바쿠",
    "Yerevan": "예레반",
    "Tbilisi": "트빌리시",
    "Ashgabat": "아슈하바트",
    "Dushanbe": "두샨베",
    "Samarkand": "사마르칸트",
    "Oral": "오랄",
    "Qyzylorda": "키질오르다",
    "Aqtobe": "악토베",
    "Atyrau": "아티라우",
    "Anadyr": "아나디리",
    "Khandyga": "한디가",
    "Ust-Nera": "우스트네라",
    "Yakutsk": "야쿠츠크",
    "Irkutsk": "이르쿠츠크",
    "Krasnoyarsk": "크라스노야르스크",
    "Omsk": "옴스크",
    "Barnaul": "바르나울",
    "Tomsk": "톰스크",
    "Novokuznetsk": "노보쿠즈네츠크",
    "Chita": "치타",
    "Khabarovsk": "하바롭스크",
    "Srednekolymsk": "스레드네콜림스크",
    "Gaza": "가자",
    "Hebron": "헤브론",
    "Amman": "암만",
    "Damascus": "다마스쿠스",
    "Beirut": "베이루트",
    "Baghdad": "바그다드",
    "Kuwait": "쿠웨이트",
    "Bahrain": "바레인",
    "Qatar": "카타르",
    "Muscat": "무스카트",
    "Aden": "아덴",
    "Famagusta": "파마구스타",
    "Nicosia": "니코시아",
    "Choibalsan": "몽골",
    "Kyiv": "우크라이나",
    "Rangoon": "미얀마",


    "New_York": "뉴욕",
    "Los_Angeles": "로스앤젤레스",
    "Chicago": "시카고",
    "Denver": "덴버",
    "Phoenix": "피닉스",
    "Toronto": "토론토",
    "Vancouver": "밴쿠버",
    "Mexico_City": "멕시코시티",
    "Sao_Paulo": "상파울루",
    "Buenos_Aires": "부에노스아이레스",
    "Honolulu": "호놀룰루",
    "Anchorage": "앵커리지",
    "Detroit": "디트로이트",
    "Indianapolis": "인디애나폴리스",
    "Louisville": "루이빌",
    "Menominee": "메노미니",
    "Nome": "놈",
    "Adak": "아닥",
    "Sitka": "싯카",
    "Juneau": "주노",
    "Yakutat": "야쿠타트",
    "Metlakatla": "메틀라카틀라",
    "Boise": "보이시",
    "Shiprock": "쉽록",
    "Beulah": "벌라",
    "Center": "센터",
    "New_Salem": "뉴살렘",
    "Monticello": "몬티첼로",
    "Tell_City": "텔시티",
    "Vincennes": "빈센스",
    "Winamac": "위나맥",
    "Marengo": "마렌고",
    "Petersburg": "피터스버그",
    "Vevay": "비베이",
    "Cancun": "칸쿤",
    "Merida": "메리다",
    "Monterrey": "몬테레이",
    "Matamoros": "마타모로스",
    "Mazatlan": "마사틀란",
    "Chihuahua": "치와와",
    "Ojinaga": "오히나가",
    "Hermosillo": "에르모시요",
    "Tijuana": "티후아나",
    "Bahia_Banderas": "바이아반데라스",
    "Montreal": "몬트리올",
    "Winnipeg": "위니펙",
    "Regina": "리자이나",
    "Edmonton": "에드먼턴",
    "Calgary": "캘거리",
    "Yellowknife": "옐로나이프",
    "Inuvik": "이누빅",
    "Whitehorse": "화이트호스",
    "Dawson": "도슨",
    "Pangnirtung": "팡니르퉁",
    "Iqaluit": "이칼루이트",
    "Resolute": "레솔루트",
    "Rankin_Inlet": "랭킨인렛",
    "Cambridge_Bay": "케임브리지베이",
    "Thunder_Bay": "선더베이",
    "Nipigon": "니피곤",
    "Rainy_River": "레이니리버",
    "Atikokan": "아티코칸",
    "Swift_Current": "스위프트커런트",
    "Creston": "크레스턴",
    "Fort_Nelson": "포트넬슨",
    "Dawson_Creek": "도슨크리크",
    "St_Johns": "세인트존스",
    "Goose_Bay": "구스베이",
    "Halifax": "핼리팩스",
    "Glace_Bay": "글레이스베이",
    "Moncton": "몽크턴",
    "Blanc-Sablon": "블랑사블롱",
    "Guatemala": "과테말라",
    "Belize": "벨리즈",
    "Costa_Rica": "코스타리카",
    "El_Salvador": "엘살바도르",
    "Tegucigalpa": "테구시갈파",
    "Managua": "마나과",
    "Panama": "파나마",
    "Havana": "아바나",
    "Nassau": "나소",
    "Port-au-Prince": "포르토프랭스",
    "Santo_Domingo": "산토도밍고",
    "Jamaica": "자메이카",
    "Cayman": "케이맨",
    "Grand_Turk": "그랜드터크",
    "Barbados": "바베이도스",
    "Martinique": "마르티니크",
    "Guadeloupe": "과들루프",
    "St_Lucia": "세인트루시아",
    "Dominica": "도미니카",
    "Antigua": "안티가",
    "St_Kitts": "세인트키츠",
    "Anguilla": "앵귈라",
    "Montserrat": "몬세라트",
    "St_Vincent": "세인트빈센트",
    "Grenada": "그레나다",
    "Trinidad": "트리니다드",
    "Caracas": "카라카스",
    "Boa_Vista": "보아비스타",
    "Manaus": "마나우스",
    "Porto_Velho": "포르토벨료",
    "Rio_Branco": "리우브랑쿠",
    "Eirunepe": "에이루네페",
    "Cuiaba": "쿠이아바",
    "Campo_Grande": "캄푸그란데",
    "Belem": "벨렝",
    "Fortaleza": "포르탈레자",
    "Recife": "헤시피",
    "Araguaina": "아라과이나",
    "Maceio": "마세이오",
    "Bahia": "바이아",
    "Santarem": "산타렝",
    "Noronha": "페르난두지노로냐",
    "La_Paz": "라파스",
    "Santiago": "산티아고",
    "Punta_Arenas": "푼타아레나스",
    "Easter": "이스터섬",
    "Asuncion": "아순시온",
    "Montevideo": "몬테비데오",
    "Cordoba": "코르도바",
    "Jujuy": "후후이",
    "Catamarca": "카타마르카",
    "Mendoza": "멘도사",
    "San_Juan": "산후안",
    "San_Luis": "산루이스",
    "Rio_Gallegos": "리오가예고스",
    "Ushuaia": "우수아이아",
    "Lima": "리마",
    "Bogota": "보고타",
    "Guayaquil": "과야킬",
    "Galapagos": "갈라파고스",
    "Cayenne": "카옌",
    "Paramaribo": "파라마리보",
    "Guyana": "조지타운",
    "Aruba" : "아루바",
    "Curacao": "퀴라소",
    "Danmarkshavn": "덴마크스하운",
    "Godthab": "고트호프",
    "Kralendijk": "크랄렌데이크",
    "Lower Princes": "로어프린스",
    "Marigot": "마리고",
    "Port of Spain": "포트오브스페인",
    "Puerto Rico": "푸에르토리코",
    "Santa lsablel": "산타이사벨",
    "Scoresbysund": "스코르스비스운드",
    "St Barthelemy": "생바르텔레미",
    "St Thomas": "세인트토머스",
    "Thurle": "툴레",
    "Tortola": "토르톨라",



    "London": "런던",
    "Paris": "파리",
    "Berlin": "베를린",
    "Madrid": "마드리드",
    "Rome": "로마",
    "Athens": "아테네",
    "Istanbul": "이스탄불",
    "Moscow": "모스크바",
    "Amsterdam": "암스테르담",
    "Brussels": "브뤼셀",
    "Vienna": "비엔나",
    "Prague": "프라하",
    "Budapest": "부다페스트",
    "Warsaw": "바르샤바",
    "Stockholm": "스톡홀름",
    "Oslo": "오슬로",
    "Copenhagen": "코펜하겐",
    "Helsinki": "헬싱키",
    "Zurich": "취리히",
    "Luxembourg": "룩셈부르크",
    "Monaco": "모나코",
    "Vatican": "바티칸",
    "San_Marino": "산마리노",
    "Andorra": "안도라",
    "Gibraltar": "지브롤터",
    "Malta": "몰타",
    "Dublin": "더블린",
    "Lisbon": "리스본",
    "Porto": "포르투",
    "Azores": "아조레스",
    "Madeira": "마데이라",
    "Canary": "카나리아제도",
    "Reykjavik": "레이캬비크",
    "Faroe": "페로제도",
    "Kiev": "키예프",
    "Uzhgorod": "우즈고로드",
    "Zaporozhye": "자포로제",
    "Simferopol": "심페로폴",
    "Minsk": "민스크",
    "Vilnius": "빌뉴스",
    "Riga": "리가",
    "Tallinn": "탈린",
    "Mariehamn": "마리에함",
    "Kaliningrad": "칼리닌그라드",
    "Volgograd": "볼고그라드",
    "Saratov": "사라토프",
    "Astrakhan": "아스트라한",
    "Ulyanovsk": "울리야놉스크",
    "Samara": "사마라",
    "Kirov": "키로프",
    "Belgrade": "베오그라드",
    "Ljubljana": "류블랴나",
    "Zagreb": "자그레브",
    "Sarajevo": "사라예보",
    "Podgorica": "포드고리차",
    "Skopje": "스코페",
    "Tirane": "티라나",
    "Sofia": "소피아",
    "Bucharest": "부쿠레슈티",
    "Chisinau": "키시너우",
    "Bratislava": "브라티슬라바",
    "Busingen": "뷔징겐",
    "Jersey": "저지",
    "Vaduz": "파두츠"
  }
}
